Company Name,Company Info
AFCS-Tinker Air Force Base,
Air Force Civilian Service, Without question or debate our United States Air Force is the mightiest the world has ever seen. It is admired and respected by friend and foe alike and we’re committed to keeping it that way. AFCS is a worldwide organization, we are the 170,000 civilians who support and sustain the Air Force with our talent and our dedication—a dedication to the same mission as those in uniform—to defend our nation and protect the values that make America great.  At Air Force Civilian Service we are passionate, focused, and driven by this awesome responsibility, and together with the men and women who serve, we are now and will remain a force to be reckoned with. From every background and all walks of life, we stand shoulder to shoulder, focused on keeping the Air Force ready for action, ready for anything. Our contributions vary widely and are made at every level—from the routine to rocket science and just about everything in between. Each is essential to fulfilling our mission. While our work is vital to national defense, we also contribute in innovative and even life-changing ways to the well-being of every American. We’re the team that developed and maintains the global GPS satellite system that has revolutionized the way we live and communicate. And that’s just one example.
Baker Hughes, At Baker Hughes, we are transforming the future of energy. With operations in over 120 countries, we are developing and deploying industry-leading technologies and services to take energy forward. For more than a century, our inventions have revolutionized energy. Today, we are bringing our expertise to make oil and gas safer, cleaner, and more efficient. Our people are the trusted experts, relied on to solve customer challenges big and small. We invest in the health and well-being of our workforce, train and reward talent, and develop leaders at all levels to bring out the best in each other. We believe in creating an environment of diversity and inclusion, without bias. We know we are better when all of our people are developed, engaged, and able to bring their whole authentic selves to work. We’re makers, inventors, and leaders who aren’t afraid of the tough challenges. We believe pushing boundaries will help to lead the way for a new energy future.
Bell,
Blattner Energy, Blattner is a diversified renewable energy contractor generating A Better Construction Experience® for our partners through collaborative relationships and leading expertise. Building on more than a century of innovation, Blattner provides complete engineering, procurement and construction (EPC) services for utility-scale solar, wind, energy storage and power delivery projects. Powering forward with proven project management skills and self-per­formance of all major work activities, Blattner delivers the highest levels of safety, quality, schedule, and productivity. Blattner has been based in Minnesota since 1907 and remains a privately-held company employing thousands of people nationwide.
BNSF RAILWAY, BNSF is a critical link that connects consumers with the global marketplace. For more than 160 years, BNSF has played a vital role in building and sustaining this nation's economy. Our Railroad BNSF is one of the biggest railroads in North America, operating in 28 states in the western two-thirds of the U.S. and three Canadian provinces over a 32,500-mile rail network. Today's BNSF is the product of nearly 400 different railroad lines that merged or were acquired over the course of 160 years. Our People The people who work at BNSF are the ones who drive the railroad to success. BNSF employees are from all areas of the country and have a variety of skills. BNSF is focused on keeping the railroad moving forward, meeting customers’ needs and serving the communities where our employees live and work. Community BNSF strives to maintain strong relationships with our communities – the communities where our employees live, work and play. In everything we do, we strive to provide a work environment that supports the communities where we operate. Diversity Diversity is a continuous journey at BNSF. By embracing and appreciating each other, our work experience, our jobs and our lives are enriched. “Diversity is the one true thing we all have in common. Celebrate it every day.” — Anonymous Please fill out this form prior to or after speaking with BNSF at the Career Fair: https://bnsf.recsolu.com/external/form/Y4Tzbg7w4mgFRMJualk5Mw Careers Website: http://www.bnsf.com/ College Recruiting Full-Time & Summer Intern Opportunities: https://jobs.bnsf.com/go/College-Recruiting/400829/
Campos Engineering, Inc., For over 30 years, Campos Engineering has been delivering quality and professional MEP engineering, testing, adjusting and balancing, and commissioning services.  The firm is rooted in Texas with headquarters in Dallas and three (3) regional offices in Fort Worth, Houston, and El Paso.
career communication Group Inc., Mission Statement: To promote significant achievement in science, technology, engineering and mathematics professional careers. Our purpose: Career Communications Group, Inc. (CCG) has been working with top global corporations and government organizations for over 30 years helping them find, develop, and retain top minorities with the needed technology skills. History: Career Communications Group, Inc. was founded in 1985 with a unique mission: To promote significant achievement in science, technology, engineering and mathematics professional careers. We are a socially conscious diversity media company that recognize the mandate to inspire and promote excellence in our youth by telling the stories of the thousands of unheralded people striving for success. The people we reach provide top employers a unique opportunity to fulfill their mission of hiring this country’s most promising talent. We offer inspiring magazines, award-winning syndicated television programs and national conferences to reach hundreds of thousands of students and professionals who share these traits: A determination to succeed and the commitment to be personally responsible for that success. Their attitude of self-empowerment creates a unique hiring environment for companies and other organizations seeking top talent to diversify and strengthen their workforce.
Cargill, Working at Cargill is an opportunity to thrive—a place to develop your career to the fullest while engaging in meaningful work that makes a positive impact around the globe. You will be proud to work for a company with a strong history of ethics and a purpose of nourishing people. We offer a diverse, supportive environment where you will grow personally and professionally as you learn from some of the most talented people in your field, providing food, agriculture, financial and industrial products and services to the world. We have 150,000 employees in 70 countries who are committed to feeding the world in a responsible way, reducing environmental impact and improving the communities where we live and work. Learn more at www.cargill.com.
ChampionX, We Are ChampionX. We bring over a century of expertise and 7,000 global team members who deliver forward-thinking innovations, unmatched global supply chain capability, and market-shaping solutions in reservoir, drilling, production, midstream, and water applications. Our world-class safety culture fuels our purpose to improve lives through our commitment to deliver globally sustainable operations. CONTACT US
Chevron Facility Engineering, Chevron Corporation is one of the world's leading integrated energy companies. Through its subsidiaries that conduct business worldwide, the company is involved in virtually every facet of the energy industry. Chevron explores for, produces and transports crude oil and natural gas; refines, markets and distributes transportation fuels and lubricants; manufactures and sells petrochemicals and additives; generates power; and develops and deploys technologies that enhance business value in every aspect of the company's operations. Chevron is based in San Ramon, Calif. More information about Chevron is available at www.chevron.com. Systems, refining or operations engineers support day-to-day operations of Chevron’s facilities. Responsibilities may include: Assisting operations personnel with evaluation of existing facilities for cost reduction and improved efficiency. Troubleshooting and optimizing operating processes like separation and catalytic conversion of crude oil to gasoline, jet fuel and diesel. Supporting complex technologies like distillation, gas treating, hydrotreating, hydrocracking, catalytic cracking and sulfur recovery Supporting the planning and execution of facility turnarounds and shutdowns. Lead or support construction projects, such as the installation of oil, gas and water production, separation and injection facilities (upstream) or petrochemical and refinery facilities (downstream). Plan and execute repairs, additions and new installations of tanks, vessels, compressors, pumps, piping, power distribution and computer controls. Technical discipline engineers are responsible for: Developing and optimizing systems for separation, purification, gasification, transportation and disposition of hydrocarbons. Designing, building, operating and maintaining mechanical systems and ensuring asset integrity and reliability. Monitoring and/or safely controlling equipment, processes and facilities. Designing, building, operating and maintaining systems for generating, distributing and managing electrical power. Providing subsea engineering expertise. Completing technical risk analyses to inform operational and design decisions. Conducting site investigation/selection, structural design, construction, transportation and startup. Using digitalization and data analytics to improve process operations and safety. Project engineers are responsible for: Project identification, scoping, evaluation and alternative selection. Cost estimating and performance monitoring. Facilities design, engineering and construction oversight. Assisting with startup and turnover of facilities.
Chevron Petroleum Engineering, Chevron Corporation is one of the world's leading integrated energy companies. Through its subsidiaries that conduct business worldwide, the company is involved in virtually every facet of the energy industry. Chevron explores for, produces and transports crude oil and natural gas; refines, markets and distributes transportation fuels and lubricants; manufactures and sells petrochemicals and additives; generates power; and develops and deploys technologies that enhance business value in every aspect of the company's operations. Chevron is based in San Ramon, Calif. More information about Chevron is available at www.chevron.com. As a Petroleum Engineer, you may start out at any of Chevron’s upstream operations, spending your first five to 10 years in a combination of production engineering, reservoir engineering or drilling engineering assignments. Entry-level Wells Engineers - work as Drill Site Representatives for on-site drilling operations including exploratory wells and development wells , Well Site Representatives for on-site frac spreads and well intervention operations on producing wells, and Wells Engineer in the Decision Support Center. Production Engineers are responsible for the daily management of oil and gas production operations and help to maximize profitability by increasing revenue and lowering operating expenses. Reservoir Engineers are responsible for the evaluation of field performance opportunities and help maximize the value of a property. Energy Technology Company (ETC) Petroleum Engineers, Research Engineers and Research Scientists are responsible for creating and applying innovative technologies in the exploration and production industry. Production Engineers are responsible for the daily management of oil and gas production operations and help to maximize profitability by increasing revenue and lowering operating expenses.  Typical responsibilities include: production monitoring and evaluation, asset management planning, work over design and execution, production equipment design, cost estimating and budgeting, and interfacing with working interest partners, service companies and regulatory agencies. Reservoir Engineers are responsible for the evaluation of field performance opportunities and help maximize the value of a property.  Typical responsibilities include: reservoir simulation, reserves and performance predictions for well proposals, water flood and enhanced recovery performance predictions and evaluations, pressure transient analysis, design and coordination of petro-physical studies, economic analysis on major development programs, and reserves estimation for producing properties. Chevron Energy Technology Company Petroleum Engineers, Research Engineers and Research Scientists are responsible for creating and applying innovative technologies in the exploration and production industry.  Application of these new technologies increase exploration success, improve reservoir descriptions, increase ultimate recovery, improve reliability/efficiency and unlock reserves from unconventional reservoirs. These individuals also serve as technical consultants for the company’s operating business units by applying the latest technologies to solve problems and unlock opportunities.  Specific areas include reservoir simulation research and development (R&D) or consulting, production engineering (including nodal analysis, stimulation and artificial lift), enhanced oil recovery, rock properties, fluid properties, and unconventional reservoirs such as heavy oil and shale gas.  These individuals often work on the largest and most complex assets in the company. Entry-level Wells Engineers (Horizons Program) work as Drill Site Representatives for on-site drilling operations including exploratory wells and development wells , Well Site Representatives  for on-site frac spreads and well intervention operations on producing wells, and Wells Engineer in the Decision Support Center.  After two to three years of experience, these engineers will move into the office and work as a drilling engineer,  completions engineer, or well intervention engineer planning wells and/or managing .  Typical responsibilities for drilling engineering include: cost estimation, bit and drill string design, casing and cement design, and mud program design. Typical responsibilities for completions engineering include: cost estimation, well completion design including fracture or sand control design, well completion fluid recommendation, production tubing string design and effective nodal analysis, including understanding the integrated production system to effectively optimize production.  Typical responsibilities for well intervention engineering include: designing, planning, supporting and supervising well intervention and completion procedures, applying technology and innovation in remediating wells the use of coiled tubing and snubbing units. Opportunities may exist to transfer to overseas locations after developing core Wells engineering competencies.  Opportunities for engineers on the Horizons Program may exist to transfer to other engineering jobs at Chevron such as those in the petroleum engineering or facility engineering function. Mobility is encouraged as there are many opportunities for Chevron D&C engineers to work in a variety of assignments at different locations, both domestic and international.
Chevron Phillips Chemical Company LP (The Woodlands, TX), Chevron Phillips Chemical is one of the world’s top producers of chemicals that are essential to manufacturing over 70,000 consumer and industrial products, including items you rely on everyday such as food packaging, soap, electronics, automobiles and medical devices. We strive to be a great place to work and give our employees the flexibility and benefits to thrive both personally and professionally, including flexible work schedules, first-rate health coverage and a tuition reimbursement program. We are looking for motivated, determined and innovative people to join our team. While we have large-scale operations around the globe, every individual has the power to make an impact on our company. For details and career opportunities, visit www.cpchem.com.
Cimarex Energy Co., Cimarex is an exploration and production company with operations in Oklahoma, Texas and New Mexico. The majority of our activity is currently in the Permian Basin and the Anadarko Basin in Western Oklahoma. We pride ourselves on a strong technical team. The cornerstone to the Cimarex approach is detailed pre- and post-drill economic evaluation of after-tax rate of return on invested capital for every well drilled. We continually strive to maximize cash flow from producing properties for reinvestment in drill-bit driven growth opportunities. We are focused on adding exceptional interns to our team as we continue to thrive in the energy sector. We have Geology and Geophysics internships available for the summer of 2021 in Midland and Tulsa. We are also looking to add Drilling, Production, and Reservoir Engineers with Sophomore candidates in more of a traditional field role and then a more traditional office internship in between the Junior and Senior levels. Our internships are located in either Tulsa, OK or Midland, TX.
ConocoPhillips, Who We Are We are one of the world’s largest independent exploration and production companies, based on proved reserves and production of liquids and natural gas. With operations and activities in 17 countries, we explore for, develop and produce crude oil and natural gas globally. We are challenged with an important job to safely find and deliver energy to the world. Our employees are critical to our success, and with them we power civilization. We’re grounded by our SPIRIT Values – safety, people, integrity, responsibility, innovation and teamwork. These values position us to deliver strong performance in a dynamic business – but not at all costs. We believe it’s not just what we do – it’s how we do it – that sets us apart. We strive to make a significant difference in the communities where we live and operate. We create an inclusive environment that values all voices and opinions. Together, the different backgrounds, experiences, ideas and perspectives of our employees drive our success. ConocoPhillips Diversity & Inclusion Intern Experience
Consolidated Nuclear Security, Consolidated Nuclear Security operates the Pantex (Amarillo, TX) and Y-12 (Oak Ridge, TN) sites in support of the National Nuclear Security Administration. Pantex is the only government authorized facility in the United States that disassembles and assembles nuclear weapons. Y-12 operates the Uranium Processing Facility (UPF).
CRB, CRB is a global design, construction and consulting firm that relentlessly pursues and delivers success for clients in advanced technology industries. CRB was founded in 1984 as a single three-person office and has grown to a team of more than 1,200 passionate professionals in 19 offices throughout the world. CRB’s Construction Services Group was founded in 1997 and is a full-service construction management and design-build firm with approximately 250 employees to serve the specialized needs of life science manufacturing and research facilities globally. CRB’s single-minded focus on putting our clients’ interests first—every day, on every project—defines us as a firm.
Cummins, Inc., Cummins is a global technology leader keen on producing reliable and sustainable technology to power a prosperous world. We are currently emphasizing Co-Ops this year due to higher availability than Internships. Cummins has several facilities across the USA and globally. This recruiting year, engineering Co-Ops and Interns will generally located around Columbus (IN), but we have had Texas Tech graduates in many locations. These locations include: Indianapolis, Memphis, Cookeville (TN), Minneapolis, Clovis (NM), Jamestown (NY), Charleston (SC), and Rocky Mount (NC).
Dynamic Systems, Inc., Dynamic Systems, Inc. (DSI) is a national turnkey mechanical and process construction firm with our corporate headquarters in Austin, Texas, and major regional operations strategically located throughout the United States including Atlanta, Boston, College Station, Dallas, Fort Worth, Houston, Poughkeepsie, and San Antonio.  DSI is a world-class leader in the fabrication and installation of sophisticated process and high purity and hygienic piping systems, process exhaust, HVAC piping/sheet metal and sanitary plumbing. As one of the nation's leading providers of these comprehensive services, DSI is committed to innovative solutions, performance and customer satisfaction.  We are looking to hire Mechanical Engineering, Industrial Engineering, and Construction Engineering students to be Project Managers (intern or full-time).
EOG Resources, Inc., EOG Resources, Inc. (NYSE:EOG) is one of the largest crude oil and natural gas exploration and production companies in the United States with proved reserves in the United States, Trinidad and China. EOG’s business strategy is to maximize the rate of return on investment of capital by controlling operating and capital costs and maximizing reserve recoveries.  EOG strives to maintain the lowest possible operating cost structure that is consistent with efficient, safe and environmentally responsible operations. The company uses advanced technology such as 3D seismic, core analysis, and microseismic to develop proprietary petro-physical models.  These models inform the company’s execution of precision horizontal targeting and customized advanced completions. In order to find and develop low-cost reserves, EOG prioritizes exploration and drilling of internally generated prospects.  This strategy is intended to consistently deliver cost-effective crude oil and natural gas production that maximizes cash flow and earnings, allowing the company to deliver long-term shareholder value while maintaining a strong balance sheet. As of December 31, 2019, EOG’s total estimated net proved reserves were 3,329 million barrels of oil equivalent (MMBoe) comprised of 51 percent crude oil and condensate, 22 percent natural gas liquids and 27 percent natural gas.  Approximately 98 percent of these reserves were located in the United States. EOG’s total worldwide production in 2019 was 299 MMBoe.
Garney Construction,
HDR, At HDR, we specialize in engineering, architecture, environmental and construction services. While we are most well-known for adding beauty and structure to communities through high-performance buildings and smart infrastructure, we provide much more than that. We create an unshakable foundation for progress because our multidisciplinary teams also include scientists, economists, builders, analysts and artists. That's why we believe diversity is our greatest strength. HDR is proud to be an equal opportunity workplace and an affirmative action employer.  Watch our 'About Us' video  We believe that the way we work can add meaning and value to the world. That ideas inspire positive change. That coloring outside the lines can illuminate fresh perspectives. And that small details yield important realizations. Above all, we believe that collaboration is the best way forward. For more information please visit us at www.hdrinc.com
INEOS O&P,
Kiewit,  Are you ready to make an impact? We know you’re not just looking for a job. You want an adventure — to do something that makes a real impact on the world around you. You want more opportunity, cutting-edge training, meaningful responsibilities from Day One, and you never settle for second best. That’s what you’ll find here at Kiewit. So if you’re looking for more than a job, look no further. Please fill out our pre-registration form through this LINK to chat with us! What’s it like to work at Kiewit? Find out directly from the source — our employees. Click on a video below for a first-hand glimpse into everything we have to offer. We exist to make a difference and we offer opportunities for you to make one too. As one of North America’s largest and most respected construction and engineering organizations, Kiewit provides opportunities to make a positive impact in communities across North America in a variety of markets including transportation, water/wastewater, power, oil, gas and chemical, building and mining. Want an opportunity to prove yourself? You got it. Need adventure? We encourage it. Looking for a diverse career that’ll make you come alive? You’ve found it.
Kinder Morgan, The BOLT (Building Opportunities & Learning Together) Intern Program is Kinder Morgan’s elite summer internship program. Do you want to spend your summer gaining hands-on experience in the energy industry while enhancing your professional and interpersonal skills?  At Kinder Morgan, you will have the opportunity to do just that by participating in meaningful projects that support our vision of delivering energy to improve lives and create a better world. KINDER MORGAN Kinder Morgan is one of the largest energy infrastructure companies in North America. We own an interest in or operate approximately 83,000 miles of pipelines and 147 terminals. Our pipelines transport natural gas, gasoline, crude oil, carbon dioxide (CO2) and more. Our terminals store and handle petroleum products, chemicals and other products. BUSINESS UNIT:  CO2 Kinder Morgan CO2 is the largest transporter of carbon dioxide in North America. We transport approximately 1.2 billion cubic feet per day of CO2 from our source fields in southwest Colorado to New Mexico and West Texas for use in enhanced oil recovery (EOR) projects. The CO2 helps unlock and recover crude oil from mature oil fields and residual oil zones. We use a good portion of this CO2 in our own EOR projects, and we sell CO2 to third-party customers.
Klein Tools, Since 1857 Klein Tools, a family-owned and operated company, has been designing, developing and manufacturing premium-quality, professional-grade hand tools. The majority of Klein tools are manufactured in plants throughout the United States and are the number one choice among professional electricians and other tradespeople.
L3Harris Technologies, L3Harris is dedicated to recruiting and developing diverse, high-performing talent who are passionate about what they do. Our employees are unified in a shared dedication to our customers’ mission and quest for professional growth. L3Harris provides an inclusive, engaging environment designed to empower employees and promote work-life success. Fundamental to our culture is an unwavering focus on values, dedication to our communities, and commitment to excellence in everything we do. L3Harris Technologies is an agile global aerospace and defense technology innovator, delivering end-to-end solutions that meet customers’ mission-critical needs. The company provides advanced defense and commercial technologies across air, land, sea, space and cyber domains. L3Harris has approximately $17 billion in annual revenue, 50,000 employees and customers in more than 130 countries. L3Harris.com
Los Alamos National Lab, Los Alamos National Laboratory is a multidisciplinary research institution engaged in strategic science on behalf of national security. We enhance national security by ensuring the safety and reliability of the U.S. nuclear stockpile and serve as a center for research in a wide range of scientific disciplines, including space exploration, geophysics, renewable energy, supercomputing, medicine, and nanotechnology.
McCarthy Building Companies, McCarthy Building Companies, Inc. is the oldest privately held national construction company in the country – with more than 150 years spent collaborating with partners to solve complex building challenges on behalf of its clients. With an unrelenting focus on safety and a comprehensive quality program that span all phases of every project, McCarthy utilizes industry-leading design phase and construction techniques combined with value-add technology to maximize outcomes. Repeatedly honored as a Best Place to Work and Healthiest Employer, McCarthy is ranked the 12th largest domestic general contractor (Engineering News-Record, May 2019). With approximately 1,900 salaried employees and offices in St. Louis; Atlanta; Collinsville, Ill.; Kansas City, Kan.; Omaha, Neb.; Phoenix; Las Vegas; Denver; Dallas, Houston; and San Diego, Newport Beach, San Francisco, San Jose and Sacramento, Calif. McCarthy is 100 percent employee owned. More information about the company is available online at www.mccarthy.com or by following the company on Facebook, Twitter, LinkedIn, and Instagram.
Michelin North America,
M&S Engineering, M&S Engineering is a professional engineering services firm whose mission is to provide our clients with quality, efficient services at the greatest overall value. With registered engineers in electrical, civil, structural and MEP engineering disciplines and a host of experienced field personnel, M&S can fully meet the needs of its clients by allowing them to engage a single firm for many of their engineering, design, consultation, planning and analytical needs. M&S Engineering - People make the difference: https://youtu.be/jArYD_KKvho M&S Engineering Client Spotlight: Entergy - Hearne Substation: https://youtu.be/1cIT7ag85NY M&S Engineering Applying Time-Domain Line Protection - SEL-T400L: https://youtu.be/3UmT0g4g1n4 Client Spotlight: Sol Studio Architects: https://youtu.be/V2nTynS3xfc
Owens Corning, Owens Corning - Global in Scope, Human in Scale Owens Corning is a global building and industrial materials leader. The company's three integrated businesses are dedicated to the manufacture and advancement of a broad range of insulation, roofing and fiberglass composite materials. Leveraging the talents of 19,000 employees in 33 countries, Owens Corning provides innovative products, manufacturing technologies, and sustainable solutions that address energy efficiency, product safety, renewable energy, durable infrastructure, and labor productivity. These solutions provide a material difference to the company's customers and make the world a better place. Based in Toledo, Ohio, USA, the company posted 2019 sales of $7.2 billion. Founded in 1938, it has been a Fortune 500® company for 66 consecutive years.
Parkhill, Smith & Cooper Inc., Parkhill brings the roll-up-your-sleeves and get-to-work ethic that you expect from a trusted partner on high-priority architecture and engineering projects. We are passionate about Building Communities in West Texas where we got our start, to major metropolitan areas across Texas and beyond where we deliver innovative solutions to complex problems. Because we build lasting relationships with our clients, we understand the owner’s challenges throughout a project’s spectrum – from securing capital funding to managing life cycle operational costs. Whether it’s a high-profile infrastructure project with broad geographic reach or a local community project, our experts will guide you to resources to help make your project happen. Our multidiscipline architecture and engineering firm has more than 450 creative professional, technical and support personnel committed to providing collaborative, innovative services from before your project is developed to its successful operation. Parkhill serves the public sector through local, state and federal governmental entities and pre-kindergarten through higher education institutions. Additionally, we serve healthcare providers, faith-based organizations and commercial clients in the private sector. Parkhill brings “beginning to ongoing” value to communities from our 14 offices in Texas, Oklahoma and New Mexico. Check out our opportunities here: https://www.parkhill.com/careers/
Phillips 66, Phillips 66 has more than 140 years of experience in providing the energy that enables people to dream bigger and go farther, faster. We are committed to improving lives, and that is our promise to our employees and our communities. We are sustained by the backgrounds and experiences of our diverse teams, which reflect who we are, the environment we create and how we work together. Our company is built on values of safety, honor and commitment. We call our cultural mindset Our Energy in Action, which we define through four simple, intuitive behaviors: We work for the greater good, create an environment of trust, seek different perspectives and achieve excellence. Phillips 66 was recognized by Forbes as one of “America’s Best Employers” in 2019.
Rehrig Pacific Company, Founded in 1913, Rehrig Pacific has grown to become a world leading plastic pallet manufacturer and container manufacturer serving the agriculture, bakery, beverage, dairy and materials handling industries and, since the ‘80s, a roll-out cart, recycling bin and commercial container manufacturer serving the waste and recycling collection industry as well. All of our customers demand sustainable transport packaging solutions creatively designed to help handle and protect their products safely and more efficiently and provide an excellent return on investment. With a family tradition of growth, service and innovation that spans four generations, we will aim to go “above and beyond” for your business too. The Rehrig Pacific team will be with you all the way from the beginning concept to the end of the product life cycle. Nearly every Rehrig Pacific product made is recycled into another Rehrig Pacific product at the end of its service life. Industry leaders worldwide make many of our products their first choice. Whether you need reusable and recyclable plastic pallets and crates or roll-out carts, containers and bins, or RFID tracking, we have a solution. Your growth and success is what drives us from idea to concept to solution. Rehrig Pacific serves customers with manufacturing and service locations throughout the United States and Mexico and sales offices in South America, Asia and Europe. Our customers rank us among the best in industry service, support and workmanship. Our tradition and commitment is guaranteed.
Schlumberger, We are Schlumberger, the leading global provider of technology and services to the energy industry. We specialize in reservoir characterization, well construction, and accelerating reservoir production and offer the most comprehensive range of products and services in the industry. The solutions we offer aim to push the technical limits of our industry. We hire the most-driven minds in engineering, science, technology development, and commercial roles to do that. We’ll support you with world-leading learning and development, a meritocratic culture, and offer borderless careers that ensure you build skills by continually taking on challenging work. If you want to help shape the future of energy, then this is the place for you. Schlumberger: http://careers.slb.com Thank you for joining Schlumberger’s chat room. Please fill out our form while you are waiting to chat one-on-one with our Schlumberger team. Please introduce yourself with your name, major, grad date, and position of interest. We are excited to chat with you soon!
SM Energy, SM Energy is a premier operator of top tier assets. We strongly believe our values, commitment to excellence, flexibility and experience give us the edge and resilience to continue our long-term success. As a leader in the oil and natural gas industry, we are proud to provide resources that make people’s lives better every day.  SM Energy offers a robust and impactful summer intern program that provides students with a rewarding work experience during a 10 to 12-week period. Each intern focuses on a key discipline within SM Energy and is challenged with meaningful work and practical learning. Not only do interns work on projects with significant value to the Company, they also observe field operations activities and participate in community service events to further their professional and personal development.
Structure Tone Southwest, Structure Tone Southwest, a privately held company incorporated in the state of Texas, is a full service general contracting firm providing a range of construction expertise since 1977. At Structure Tone Southwest, we’re proud that most of our new business comes from repeat clients. We have developed long-term partnership with leading companies to create – and maintain – compelling spaces for their employees and tenants. Structure Tone Southwest provides a broad range of construction services, specializing in core and shell, industrial, repositioning, mission critical, and pharmaceutical, while being recognized as the #1 interior contractor in Dallas/Fort Worth. Structure Tone Southwest has offices in the major business centers of Texas – Dallas, Houston, San Antonio, and Austin. With the resources of an annual sales revenue of $500 million and more than 200 professionals on staff, we are able to serve clients throughout the southwest region. We’re not only dedicated to providing exceptional services to our clients, but also to our employees and our communities. We give back through a range of programs contributions, and volunteer activities to help support our friends and neighbors throughout the year. Construction Services For over 40 years, Structure Tone Southwest has provided a broad range of preconstruction and construction services to assist our clients from the earliest stages through close-out and commissioning, including: Construction management General contracting Site selection analysis Preconstruction services Design constructability review Design-build Building Information Modeling (BIM) Structure Tone Southwest delivers a wide variety of project types including: Corporate interior Core and shell Industrial Major building infrastructure upgrades and modernization Manufacturing Value office Mission critical MEP infrastructure Life science/pharmaceutical Healthcare Hospitality Luxury retail
Tetra Pak, Tetra Pak is the world's leading food processing and packaging solutions company. Working closely with our customers and suppliers, we provide safe, innovative and environmentally sound products that each day meet the needs of hundreds of millions of people in more than 170 countries. With more than 25,000 employees around the world, we believe in responsible industry leadership and a sustainable approach to business.  Our motto, “PROTECTS WHAT’S GOOD™," reflects our vision to make food safe and available, everywhere. View our history, starting in 1943 when development work begins on creating a package for milk, and read about our founder Dr Ruben Rausing. Products We are specialists in complete solutions for the processing, packaging and distribution of food products. Our solutions are specifically designed to be as economical with resources as possible. Dairy products, beverages, ice cream, cheese, food and vegetables and pet food are examples of products that can be processed or packaged in Tetra Pak® processing and packaging lines. We focus on keeping the consumption of all raw materials and energy to a minimum during both the manufacturing process and distribution. The processing solutions are also designed to treat the products gently. Our products are divided into several categories: Packaging Processing Services 
Texas Instruments, Texas Instruments has been making progress possible for decades. We are a global semiconductor company that designs, manufactures, tests and sells analog and embedded processing chips. Our more than 80,000 products help our ~100,000 customers efficiently manage power, accurately sense and transmit data and provide the core control or processing in their designs, going into markets such as industrial, automotive, personal electronics, communications equipment and enterprise systems. Our passion to create a better world by making electronics more affordable through semiconductors is alive today as each generation of innovation builds upon the last to make our technology smaller, more efficient, more reliable and more affordable – opening new markets and making it possible for semiconductors to go into electronics everywhere. We think of this as engineering progress. It’s what we do and have been doing for decades.
Texas Instruments, Texas Instruments has been making progress possible for decades. We are a global semiconductor company that designs, manufactures, tests and sells analog and embedded processing chips. Our more than 80,000 products help our ~100,000 customers efficiently manage power, accurately sense and transmit data and provide the core control or processing in their designs, going into markets such as industrial, automotive, personal electronics, communications equipment and enterprise systems. Our passion to create a better world by making electronics more affordable through semiconductors is alive today as each generation of innovation builds upon the last to make our technology smaller, more efficient, more reliable and more affordable – opening new markets and making it possible for semiconductors to go into electronics everywhere. We think of this as engineering progress. It’s what we do and have been doing for decades.
The Brandt Companies, LLC., Ranked as a Top 50 Specialty Contractor in ENR Magazine, Brandt is one of the largest MEP firms in the United States. We perform the entire mechanical and/or electrical phases of large commercial, institutional and industrial construction projects. Brandt is headquartered in Carrollton, Texas, and maintains additional regional offices in Austin, Fort Worth, Houston, San Antonio and Waco. The Brandt Companies, LLC is an affirmative action, equal opportunity, minority/female/veteran/disabled employer.  All qualified applicants will receive consideration for employment without regard to race, color, religion, sex (including gender identity, sexual orientation, and pregnancy), age (40 or older), national origin, disability, genetic information, veteran status, or any other category protected by law.
Trinity Consultants, Trinity Consultants is an environmental consulting company with a focus on air quality issues. Trinity assists organizations in meeting environmental regulatory compliance obligations associated with the Clean Air Act including air permitting, regulatory reporting, air dispersion modeling analyses, MACT applicability and compliance, and ambient monitoring. We are experienced in other environmental media including water resources permitting requirements, hazardous and solid waste management, and noise analyses.  Trinity also performs EH&S compliance auditing.  Trinity also advises clients on emerging environmental issues such as climate change and business sustainability, and works with clients to evaluate current EHS management systems as well as specify and build out new systems.  T3®, a division of Trinity Consultants, specializes in implementing technology solutions for EHS information management. T3 consultants can scope organizational needs, recommend appropriate technologies, implement and integrate solution modules, and provide ongoing training and support (http://www.TrinityConsultants.com/T3).  Environmental professionals apply Trinity’s BREEZE® environmental modeling software products to estimate impacts from continuous air emissions, accidental releases, fires, and explosions (http://www.Breeze-Software.com).  On Demand Environmental, a division of Trinity Consultants provides contract and direct hire EH&S professionals (http://www.OnDemandEnvironmental.com).  SafeBridge Consultants, a Trinity Consultants company, specializes in providing industrial hygiene and toxicology support to the life sciences sector. (http://www.safebridge.com)
Urenco USA, A trusted leader in meeting the world’s demand for sustainable energy. What we do URENCO operates in a pivotal area of the nuclear fuel supply chain which ends with the sustainable generation of electricity for consumers around the world. The supply chain itself can be subdivided into four key processes: mining; conversion; enrichment; and fabrication. URENCO uses leading centrifuge technology to provide the uranium enrichment services our customers need to generate low carbon nuclear energy. Our core aims URENCO’s principal activity is the provision of a service to enrich uranium to provide fuel for nuclear power utilities. Its enrichment service is mostly provided on a toll basis using customers’ uranium.
Valero Energy, Valero Energy Corporation, through its subsidiaries (collectively, “Valero”), is an international manufacturer and marketer of transportation fuels and petrochemical products. Valero is a Fortune 50 company based in San Antonio, Texas, and it operates 15 petroleum refineries with a combined throughput capacity of approximately 3.2 million barrels per day and 14 ethanol plants with a combined production capacity of 1.73 billion gallons per year. The petroleum refineries are located in the United States, Canada and the United Kingdom, and the ethanol plants are located in the Mid-Continent region of the U.S. Valero also is a joint venture partner in Diamond Green Diesel, which operates a renewable diesel plant in Norco, Louisiana. Diamond Green Diesel is North America’s largest biomass-based diesel plant. Valero sells its products in the wholesale rack or bulk markets in the U.S., Canada, the U.K., Ireland and Latin America. Approximately 7,000 outlets carry Valero’s brand names.
VDOT, The Virginia Department of Transportation (VDOT) is responsible for building, maintaining and operating the state's roads, bridges and tunnels. Virginia has the third-largest state-maintained highway system in the country, behind Texas and North Carolina with over 7500 employees.  The transportation industry needs innovators. At VDOT, we’re moving into the future with purpose. Consider some firsts taking place at VDOT: First using an online Dashboard so citizens can monitor our performance A leader in public-private partnership contracts The first knowledge management office for a department of transportation VDOT University, the first comprehensive education center for a state agency VDOT is always looking to be innovative in our processes, and we provide the tools for new thinking with state of the art equipment that give our employees fresh insights. Be a part of a movement to change how we move – rethink transportation.  When the Government Performance Project rated the 50 states, Virginia was the only one with straight A’s across the board for managing: money, people, infrastructure and information. This is an organization where heritage and a common cause bring us together. For more than 100 years, VDOT has built a legacy based on the passing of experiences through generations.  Build your own legacy – DRIVE YOUR FUTURE WITH VDOT!!! We are a “Virginia Values Veterans” (V3) official certified company and state agency that provides hiring preference to Veterans and Members of the Virginia National Guard in support of Executive Order 29, (2010). If you are a Veteran or Virginia National Guard Member, we urge you to respond accordingly on your state application. VDOT is also a  Department of Defense Military Spouse Employment Partner supporting hiring initiatives for military spouses in our great state.  We need our Veterans and Military Spouses to choose Virginia as their home, and VDOT is the right fit for you and your family. Check out VDOT employee benefits!
Webber, LLC, Over the past 55 years, Webber has become one of the largest and most respected construction companies in the U.S. A subsidiary of Ferrovial, Webber employs over 2,000 employees and specializes in developing intelligent solutions that improve the communities in which we live. Due to the unique relationship with our parent and sister companies, we have access to a global network of highly-skilled engineers, best-in-class technology and virtually unlimited resources, which sets us apart from our competition and enables us to build better and manage smarter. We serve a variety of markets and clients, and employ cutting-edge technology and processes to deliver consistent results and innovative solutions for today’s construction needs. We actively recruit from top universities across the United States, to place Field Engineers and Interns that support our projects in Houston, Austin, San Antonio, Dallas, Virginia, and Georgia.
West Texas/New Mexico Marine Corps Officer Programs, Actively seeking college students and graduates of high mental, moral, and physical caliber to serve as Marine Corps Officers.  Find out if you are qualified to apply by contacting us today! Becoming an officer in the United States Marine Corps is no small task - it requires heart, soul, and sweat.  But if you have what it takes, there are countless opportunities for commissioned officers, including Aviation, Reserves, and Active Duty Ground.
Xylem Inc., Xylem |ˈzīləm| 1) The tissue in plants that brings water upward from the roots; 2) a leading global water technology company. Xylem, a leading global water technology company dedicated to solving the world’s most challenging water issues, is the leading global provider of efficient, innovative and sustainable water technologies improving the way water is used, managed, conserved and re-used. Our international team is unified in a common purpose: creating advanced technology and other trusted solutions to solve the world’s water challenges. We are committed to creating an organization of inclusion and diversity, where everyone feels involved, respected, valued and connected, and where everyone is free to bring their authentic selves and ideas. If you are excited and passionate about helping us #letssolvewater, we want to hear from you! For more information, please visit us at www.xylem.com. We Offer You More Than Just “A Job” Professional Development – To advance the capabilities of our people, we offer a wide variety of experiences to support our employees’ professional growth and continuous learning. Total Rewards – We offer comprehensive programs for compensation, benefits, recognition, learning and development, work-life integration and corporate citizenship. Watermark – Watermark is our corporate social responsibility program working to provide education and access to safe water to ensure healthy lives, gender equality, and resilient communities. Employees have the opportunity to learn and volunteer on various water-related projects. Employee Networks – Our Employee Networks provide a professional, supportive network for employees from diverse backgrounds, including Women’s, LGBT+ and Allies, Veteran’s, People of Color and Allies, Emerging Leaders, and Working Parents Networks.